IP Address,Port,Code,Country,Anonymity,Google,Https,Last Checked
,,,,,,,
85.239.233.184,80,US,United States,anonymous,,no,5 secs ago
165.3.122.211,80,US,United States,anonymous,,no,5 secs ago
163.116.158.184,8081,US,United States,elite proxy,,no,5 secs ago
129.213.95.20,80,US,United States,anonymous,no,yes,1 min ago
163.116.158.213,8081,US,United States,elite proxy,no,yes,1 min ago
163.116.158.118,8081,US,United States,elite proxy,no,yes,1 min ago
23.142.200.190,80,US,United States,anonymous,yes,no,1 min ago
163.116.158.182,8081,US,United States,elite proxy,no,yes,1 min ago
34.223.105.122,80,US,United States,anonymous,no,no,2 mins ago
172.177.221.87,80,US,United States,anonymous,yes,no,2 mins ago
104.238.183.155,8888,US,United States,anonymous,no,yes,2 mins ago
146.190.123.209,80,US,United States,anonymous,yes,no,2 mins ago
20.110.99.169,80,US,United States,anonymous,no,no,2 mins ago
172.104.197.18,7777,US,United States,elite proxy,no,no,2 mins ago
66.175.216.4,2020,US,United States,elite proxy,no,no,2 mins ago
45.33.12.251,7302,US,United States,elite proxy,no,no,2 mins ago
143.198.182.218,80,US,United States,elite proxy,no,no,2 mins ago
163.116.158.115,8081,US,United States,elite proxy,no,yes,2 mins ago
205.185.126.246,3128,US,United States,elite proxy,no,yes,2 mins ago
163.116.158.142,8081,US,United States,elite proxy,no,yes,2 mins ago
163.116.158.143,8081,US,United States,elite proxy,no,yes,2 mins ago
174.70.1.210,8080,US,United States,elite proxy,yes,yes,2 mins ago
104.223.135.178,10000,US,United States,elite proxy,no,yes,2 mins ago
52.23.175.222,8118,US,United States,elite proxy,no,no,10 mins ago
137.184.110.36,443,US,United States,elite proxy,,yes,12 mins ago
47.254.47.61,8080,US,United States,elite proxy,,no,12 mins ago
139.144.23.135,3128,US,United States,elite proxy,,no,12 mins ago
173.255.209.155,1080,US,United States,elite proxy,,no,12 mins ago
45.79.188.228,9002,US,United States,elite proxy,,no,12 mins ago
45.79.42.170,8080,US,United States,elite proxy,,no,12 mins ago
192.46.217.249,9091,US,United States,elite proxy,,no,12 mins ago
148.76.97.250,80,US,United States,anonymous,yes,no,12 mins ago
163.116.158.117,8081,US,United States,elite proxy,yes,yes,12 mins ago
163.116.158.116,8081,US,United States,elite proxy,no,yes,12 mins ago
107.172.73.179,7890,US,United States,elite proxy,no,yes,12 mins ago
163.116.158.28,8081,US,United States,elite proxy,no,yes,12 mins ago
72.169.67.29,87,US,United States,anonymous,,no,12 mins ago
129.153.146.63,5566,US,United States,elite proxy,,no,20 mins ago
198.59.191.234,8080,US,United States,elite proxy,no,yes,20 mins ago
38.91.120.190,80,US,United States,anonymous,no,no,20 mins ago
71.255.153.117,80,US,United States,anonymous,no,no,20 mins ago
216.137.184.253,80,US,United States,elite proxy,no,no,20 mins ago
104.148.36.10,80,US,United States,anonymous,yes,no,20 mins ago
82.117.252.100,80,US,United States,anonymous,yes,no,20 mins ago
172.104.17.52,8080,US,United States,elite proxy,,yes,21 mins ago
198.11.175.180,80,US,United States,elite proxy,,no,21 mins ago
47.252.27.174,3128,US,United States,elite proxy,,no,30 mins ago
45.79.208.64,20002,US,United States,elite proxy,,no,30 mins ago
107.173.148.253,8080,US,United States,anonymous,no,no,30 mins ago
34.66.5.144,8888,US,United States,anonymous,,no,30 mins ago
92.118.232.74,80,US,United States,anonymous,no,no,31 mins ago
18.217.198.64,80,US,United States,transparent,no,no,32 mins ago
209.97.150.167,3128,US,United States,anonymous,no,no,32 mins ago
45.33.121.249,3128,US,United States,elite proxy,,no,42 mins ago
96.126.124.197,8110,US,United States,elite proxy,,no,42 mins ago
34.132.125.169,80,US,United States,elite proxy,,no,42 mins ago
45.79.142.211,80,US,United States,elite proxy,,no,51 mins ago
139.144.231.147,20002,US,United States,elite proxy,,no,1 hour 1 min ago
12.218.209.130,53281,US,United States,elite proxy,,no,1 hour 1 min ago
157.230.48.102,80,US,United States,elite proxy,yes,no,1 hour 31 mins ago
129.213.115.0,8088,US,United States,elite proxy,no,yes,1 hour 31 mins ago
184.105.182.254,3128,US,United States,anonymous,,no,1 hour 32 mins ago
52.206.80.219,80,US,United States,elite proxy,,no,1 hour 32 mins ago
192.210.172.22,8080,US,United States,elite proxy,,no,1 hour 40 mins ago
66.175.223.147,4455,US,United States,elite proxy,,no,1 hour 41 mins ago
66.29.154.103,3128,US,United States,anonymous,no,no,1 hour 41 mins ago
23.254.79.214,3128,US,United States,transparent,no,no,1 hour 41 mins ago
154.22.49.233,3128,US,United States,transparent,no,no,1 hour 41 mins ago
23.236.188.54,3128,US,United States,transparent,no,no,1 hour 41 mins ago
72.169.66.157,87,US,United States,transparent,no,no,1 hour 41 mins ago
107.172.230.199,3128,US,United States,transparent,no,no,1 hour 41 mins ago
154.22.54.167,3128,US,United States,transparent,no,no,1 hour 41 mins ago
172.245.250.213,3128,US,United States,transparent,no,no,1 hour 41 mins ago
23.229.73.172,3128,US,United States,transparent,no,no,1 hour 41 mins ago
23.254.79.255,3128,US,United States,transparent,no,no,1 hour 41 mins ago
192.3.227.101,3128,US,United States,transparent,no,no,1 hour 41 mins ago
138.128.50.71,3128,US,United States,transparent,no,no,1 hour 41 mins ago
192.210.159.16,3128,US,United States,transparent,no,no,1 hour 41 mins ago
104.144.122.64,3128,US,United States,transparent,no,no,1 hour 41 mins ago
172.245.220.142,3128,US,United States,transparent,no,no,1 hour 41 mins ago
192.227.163.207,3128,US,United States,transparent,no,no,1 hour 41 mins ago
104.227.49.209,3128,US,United States,transparent,no,no,1 hour 41 mins ago
38.15.136.27,3128,US,United States,transparent,no,no,1 hour 41 mins ago
45.72.21.85,3128,US,United States,transparent,no,no,1 hour 41 mins ago
107.152.242.222,3128,US,United States,transparent,no,no,1 hour 41 mins ago
23.254.67.14,3128,US,United States,transparent,no,no,1 hour 41 mins ago
154.22.45.134,3128,US,United States,transparent,no,no,1 hour 41 mins ago
50.16.33.219,80,US,United States,transparent,no,no,1 hour 41 mins ago
192.151.156.90,19009,US,United States,transparent,no,no,1 hour 41 mins ago
23.229.61.197,3128,US,United States,transparent,no,no,1 hour 41 mins ago
192.210.159.96,3128,US,United States,transparent,no,no,1 hour 41 mins ago
192.3.97.93,3128,US,United States,transparent,no,no,1 hour 41 mins ago
38.15.160.121,3128,US,United States,transparent,no,no,1 hour 41 mins ago
23.236.197.181,3128,US,United States,transparent,no,no,1 hour 41 mins ago
23.236.197.135,3128,US,United States,transparent,no,no,1 hour 41 mins ago
192.3.97.130,3128,US,United States,transparent,no,no,1 hour 41 mins ago
192.227.163.252,3128,US,United States,transparent,no,no,1 hour 41 mins ago
138.128.13.254,3128,US,United States,transparent,no,no,1 hour 41 mins ago
107.175.235.232,3128,US,United States,transparent,no,no,1 hour 41 mins ago
38.15.137.39,3128,US,United States,transparent,no,no,1 hour 41 mins ago
107.152.212.90,3128,US,United States,transparent,no,no,1 hour 41 mins ago
104.144.191.204,3128,US,United States,transparent,no,no,1 hour 41 mins ago
192.3.241.156,3128,US,United States,transparent,no,no,1 hour 41 mins ago
104.248.221.220,80,US,United States,transparent,no,no,1 hour 41 mins ago
192.241.76.57,3128,US,United States,transparent,no,no,1 hour 41 mins ago
192.3.227.39,3128,US,United States,transparent,no,no,1 hour 41 mins ago
38.15.160.30,3128,US,United States,transparent,no,no,1 hour 41 mins ago
23.254.67.40,3128,US,United States,transparent,no,no,1 hour 41 mins ago
209.127.48.193,3128,US,United States,transparent,no,no,1 hour 41 mins ago
23.236.188.49,3128,US,United States,transparent,no,no,1 hour 41 mins ago
23.229.61.75,3128,US,United States,transparent,no,no,1 hour 41 mins ago
23.229.61.59,3128,US,United States,transparent,no,no,1 hour 41 mins ago
23.250.104.251,3128,US,United States,transparent,no,no,1 hour 41 mins ago
23.94.8.56,3128,US,United States,transparent,no,no,1 hour 41 mins ago
23.254.79.29,3128,US,United States,transparent,no,no,1 hour 41 mins ago
38.15.137.243,3128,US,United States,transparent,no,no,1 hour 41 mins ago
23.236.188.66,3128,US,United States,transparent,no,no,1 hour 41 mins ago
192.210.159.201,3128,US,United States,transparent,no,no,1 hour 41 mins ago
138.128.109.18,3128,US,United States,transparent,no,no,1 hour 41 mins ago
104.227.65.170,3128,US,United States,transparent,no,no,1 hour 41 mins ago
104.144.148.135,3128,US,United States,transparent,no,no,1 hour 41 mins ago
138.128.50.81,3128,US,United States,transparent,no,no,1 hour 41 mins ago
45.72.21.161,3128,US,United States,transparent,no,no,1 hour 41 mins ago
23.95.55.224,3128,US,United States,transparent,no,no,1 hour 41 mins ago
138.128.13.247,3128,US,United States,transparent,no,no,1 hour 41 mins ago
107.175.119.132,6660,US,United States,transparent,no,no,1 hour 41 mins ago
144.168.242.4,3128,US,United States,transparent,no,no,1 hour 41 mins ago
104.144.235.129,7209,US,United States,transparent,no,no,1 hour 41 mins ago
192.210.159.116,3128,US,United States,transparent,no,no,1 hour 41 mins ago
154.22.44.68,3128,US,United States,transparent,no,no,1 hour 41 mins ago
144.168.242.20,3128,US,United States,transparent,no,no,1 hour 41 mins ago
192.3.172.163,3128,US,United States,transparent,no,no,1 hour 41 mins ago
107.152.163.254,3128,US,United States,transparent,no,no,1 hour 41 mins ago
144.168.208.81,3128,US,United States,transparent,no,no,1 hour 41 mins ago
23.254.10.185,3128,US,United States,transparent,no,no,1 hour 41 mins ago
192.210.182.120,3128,US,United States,transparent,no,no,1 hour 41 mins ago
192.210.195.45,3128,US,United States,transparent,no,no,1 hour 41 mins ago
107.175.238.229,3128,US,United States,transparent,no,no,1 hour 41 mins ago
192.3.227.178,3128,US,United States,transparent,no,no,1 hour 41 mins ago
23.94.8.55,3128,US,United States,transparent,no,no,1 hour 41 mins ago
104.144.217.98,3128,US,United States,transparent,no,no,1 hour 41 mins ago
38.15.137.195,3128,US,United States,transparent,no,no,1 hour 41 mins ago
154.22.45.150,3128,US,United States,transparent,no,no,1 hour 41 mins ago
23.236.188.75,3128,US,United States,transparent,no,no,1 hour 41 mins ago
38.15.138.89,3128,US,United States,transparent,no,no,1 hour 41 mins ago
154.22.46.121,3128,US,United States,transparent,no,no,1 hour 41 mins ago
139.144.23.176,80,US,United States,elite proxy,,no,1 hour 51 mins ago
45.79.27.210,3128,US,United States,elite proxy,,no,2 hours ago
107.152.196.116,3128,US,United States,transparent,no,no,2 hours 1 min ago
192.241.76.34,3128,US,United States,transparent,no,no,2 hours 1 min ago
209.127.148.115,3128,US,United States,transparent,no,no,2 hours 1 min ago
209.127.136.139,3128,US,United States,transparent,no,no,2 hours 1 min ago
159.89.132.167,8989,US,United States,elite proxy,,no,2 hours 10 mins ago
34.82.217.181,5555,US,United States,elite proxy,,no,2 hours 10 mins ago
18.209.241.179,80,US,United States,elite proxy,,no,2 hours 21 mins ago
45.79.158.235,1080,US,United States,elite proxy,,no,2 hours 30 mins ago
75.89.101.60,80,US,United States,anonymous,,no,2 hours 30 mins ago
96.126.111.48,9091,US,United States,elite proxy,,no,2 hours 30 mins ago
64.227.6.0,4003,US,United States,elite proxy,no,no,2 hours 30 mins ago
54.210.239.35,80,US,United States,anonymous,,no,2 hours 30 mins ago
206.189.189.252,80,US,United States,transparent,no,no,2 hours 31 mins ago
3.21.218.72,80,US,United States,transparent,no,no,2 hours 31 mins ago
52.89.111.108,80,US,United States,transparent,no,no,2 hours 31 mins ago
138.197.27.127,80,US,United States,transparent,no,no,2 hours 31 mins ago
3.22.32.125,80,US,United States,transparent,no,no,2 hours 31 mins ago
165.227.118.167,80,US,United States,transparent,no,no,2 hours 31 mins ago
3.20.50.124,80,US,United States,transparent,no,no,2 hours 31 mins ago
138.197.237.161,80,US,United States,transparent,no,no,2 hours 31 mins ago
52.88.85.215,80,US,United States,transparent,no,no,2 hours 31 mins ago
161.35.50.150,80,US,United States,transparent,no,no,2 hours 31 mins ago
138.197.233.221,80,US,United States,transparent,no,no,2 hours 31 mins ago
137.184.60.209,80,US,United States,transparent,no,no,2 hours 31 mins ago
3.14.188.42,80,US,United States,transparent,no,no,2 hours 31 mins ago
142.93.247.136,80,US,United States,transparent,no,no,2 hours 31 mins ago
165.227.115.77,80,US,United States,transparent,no,no,2 hours 31 mins ago
138.197.109.2,80,US,United States,transparent,no,no,2 hours 31 mins ago
165.227.114.106,80,US,United States,transparent,no,no,2 hours 31 mins ago
3.16.104.100,80,US,United States,transparent,no,no,2 hours 31 mins ago
3.18.109.31,80,US,United States,transparent,no,no,2 hours 31 mins ago
3.22.33.59,80,US,United States,transparent,no,no,2 hours 31 mins ago
142.93.49.158,80,US,United States,transparent,no,no,2 hours 31 mins ago
165.227.113.233,80,US,United States,transparent,no,no,2 hours 31 mins ago
178.128.154.193,80,US,United States,transparent,no,no,2 hours 31 mins ago
167.172.134.148,80,US,United States,transparent,no,no,2 hours 31 mins ago
208.109.33.125,80,US,United States,transparent,no,no,2 hours 31 mins ago
165.227.113.167,80,US,United States,transparent,no,no,2 hours 31 mins ago
68.183.139.22,80,US,United States,transparent,no,no,2 hours 31 mins ago
3.23.41.67,80,US,United States,transparent,no,no,2 hours 31 mins ago
137.184.60.198,80,US,United States,transparent,no,no,2 hours 31 mins ago
3.23.160.193,80,US,United States,transparent,no,no,2 hours 31 mins ago
167.71.252.121,80,US,United States,transparent,no,no,2 hours 31 mins ago
52.89.66.225,80,US,United States,transparent,no,no,2 hours 31 mins ago
144.126.219.253,80,US,United States,transparent,no,no,2 hours 31 mins ago
68.183.146.39,80,US,United States,transparent,no,no,2 hours 31 mins ago
45.56.82.252,80,US,United States,transparent,no,no,2 hours 31 mins ago
165.227.112.199,80,US,United States,transparent,no,no,2 hours 31 mins ago
3.17.245.47,80,US,United States,transparent,no,no,2 hours 31 mins ago
3.13.55.1,80,US,United States,transparent,no,no,2 hours 31 mins ago
3.15.86.197,80,US,United States,transparent,no,no,2 hours 31 mins ago
142.93.179.23,80,US,United States,transparent,no,no,2 hours 31 mins ago
